player_id,name,team_id,team_name,position,pace,shooting,passing,dribbling,defending,physical,goals_2026,assists_2026
1001,Pedro,1,Flamengo,ST,95,91,79,89,32,82,16,5
1002,Gabriel Barbosa,1,Flamengo,CF,86,81,82,82,48,67,11,3
1003,Lucas Paquetá,1,Flamengo,CAM,80,80,86,80,64,82,19,6
1004,Jorge Carrascal,1,Flamengo,LW,85,84,79,82,44,72,21,7
1005,José Manuel López,2,Palmeiras,ST,82,83,76,82,32,70,8,2
1006,Vitor Roque,2,Palmeiras,CF,86,82,84,86,49,74,14,4
1007,Estêvão,2,Palmeiras,RW,92,83,70,88,37,71,7,8
1008,Kevin Viveros,3,Athletico-PR,ST,89,90,73,89,36,67,18,2
1009,Agustín Canobbio,4,Fluminense,RW,87,88,82,83,36,80,20,4
1010,John Kennedy,4,Fluminense,ST,83,81,79,88,31,65,9,1
1011,Christian,5,Cruzeiro,CM,78,77,82,88,73,81,17,3
1012,Matheus Pereira,5,Cruzeiro,CAM,71,72,85,87,68,76,9,4
1013,Jonathan Calleri,6,São Paulo,ST,84,83,71,84,47,75,8,1
1014,Luciano,6,São Paulo,CAM,81,75,95,86,59,80,8,3
1015,Gabriel Bontempo,7,Santos,CM,82,81,86,89,78,75,4,5
1016,Luciano Juba,12,EC Bahia,LW,88,82,73,86,30,78,9,4
1017,Rodrigo Garro,11,Corinthians,CAM,71,79,95,87,65,83,6,6
1018,Yuri Alberto,11,Corinthians,ST,84,80,76,89,40,71,10,2
1019,Breno Bidon,11,Corinthians,CM,81,75,83,80,64,73,3,4
1020,Renê,15,Internacional,LB,77,44,81,68,86,91,8,2
1021,Vinícius Lima,1,Flamengo,GK,50,29,75,54,13,67,3,1
1022,Matheus Barbosa,1,Flamengo,LW,82,78,76,90,28,73,0,4
1023,Bruno Barbosa,1,Flamengo,CDM,69,65,80,75,65,67,4,1
1024,Thiago Pereira,1,Flamengo,CB,80,56,73,67,77,85,4,4
1025,Marcos Melo,1,Flamengo,CB,80,57,73,69,86,85,4,2
1026,João Ferreira,1,Flamengo,RB,85,55,76,63,82,74,0,0
1027,Matheus Alves,1,Flamengo,CM,70,67,76,77,75,65,4,1
1028,João Oliveira,1,Flamengo,RB,75,39,65,70,79,82,2,2
1029,Thiago Almeida,2,Palmeiras,CDM,65,61,75,74,69,69,5,3
1030,Lucas Oliveira,2,Palmeiras,CB,76,43,77,66,78,79,2,1
1031,Matheus Alves,2,Palmeiras,LW,85,87,76,87,36,63,5,2
1032,Marcos Lima,2,Palmeiras,RW,82,75,77,84,34,63,5,3
1033,Rodrigo Alves,2,Palmeiras,CM,73,68,83,84,67,75,3,1
1034,Felipe Barbosa,2,Palmeiras,CM,73,71,81,76,59,77,5,0
1035,Vinícius Silva,2,Palmeiras,CDM,76,66,74,72,66,75,1,0
1036,Matheus Ferreira,2,Palmeiras,GK,41,21,79,60,22,74,2,2
1037,Matheus Barbosa,2,Palmeiras,ST,83,79,78,79,33,78,4,0
1038,Guilherme Oliveira,3,Athletico-PR,GK,51,20,80,62,18,66,4,1
1039,Vinícius Oliveira,3,Athletico-PR,CB,68,45,67,72,88,79,1,4
1040,Thiago Santos,3,Athletico-PR,CM,73,74,76,72,65,71,4,1
1041,Thiago Ribeiro,3,Athletico-PR,CDM,66,62,78,80,65,69,1,0
1042,Guilherme Costa,3,Athletico-PR,LB,76,36,73,61,86,74,4,0
1043,Lucas Alves,3,Athletico-PR,CM,73,69,87,73,61,73,0,0
1044,Rodrigo Alves,3,Athletico-PR,LB,80,36,74,60,76,90,3,1
1045,Guilherme Lima,3,Athletico-PR,CM,73,74,78,72,73,73,3,4
1046,Diego Ribeiro,3,Athletico-PR,LB,71,37,76,73,84,90,1,0
1047,Gabriel Costa,3,Athletico-PR,RW,88,72,73,78,33,64,0,0
1048,Bruno Barbosa,3,Athletico-PR,RW,85,75,70,86,38,68,2,1
1049,Bruno Ribeiro,4,Fluminense,RW,85,84,80,76,35,61,3,1
1050,Bruno Alves,4,Fluminense,RW,86,86,65,77,39,69,0,4
1051,Arthur Costa,4,Fluminense,GK,44,16,78,51,19,83,1,3
1052,Rodrigo Nascimento,4,Fluminense,CDM,76,61,85,81,51,70,0,1
1053,Gabriel Nascimento,4,Fluminense,GK,46,24,64,59,24,72,1,0
1054,João Oliveira,4,Fluminense,LW,92,78,65,83,44,60,2,1
1055,Matheus Alves,4,Fluminense,RW,85,82,74,82,29,71,5,2
1056,Arthur Lima,4,Fluminense,CB,81,45,73,64,80,85,3,3
1057,Gustavo Souza,4,Fluminense,RW,90,83,72,83,35,77,4,4
1058,Bruno Santos,4,Fluminense,CB,81,61,77,71,76,79,2,3
1059,Gustavo Ferreira,5,Cruzeiro,LB,80,56,78,75,87,72,0,2
1060,Arthur Ferreira,5,Cruzeiro,LW,81,74,76,84,33,70,0,0
1061,Thiago Silva,5,Cruzeiro,LB,76,48,69,75,86,75,5,3
1062,Marcos Pereira,5,Cruzeiro,CB,84,46,73,64,85,72,4,4
1063,Pedro Ribeiro,5,Cruzeiro,LB,70,40,67,65,88,83,5,0
1064,Guilherme Costa,5,Cruzeiro,CAM,73,65,79,82,78,79,2,0
1065,Guilherme Melo,5,Cruzeiro,ST,91,81,77,84,32,75,2,3
1066,Matheus Ferreira,5,Cruzeiro,CAM,67,75,74,72,59,75,2,3
1067,João Costa,5,Cruzeiro,RB,70,64,78,65,78,82,3,1
1068,Diego Barbosa,5,Cruzeiro,ST,90,73,72,88,41,63,5,3
1069,Gustavo Ferreira,6,São Paulo,CAM,78,72,86,77,63,76,0,0
1070,Bruno Ribeiro,6,São Paulo,CB,75,63,74,70,74,76,3,4
1071,Gustavo Melo,6,São Paulo,LW,90,87,66,80,28,67,0,2
1072,Lucas Ribeiro,6,São Paulo,GK,60,30,64,56,23,68,1,0
1073,Marcos Nascimento,6,São Paulo,CDM,73,75,79,79,76,74,1,4
1074,Felipe Lima,6,São Paulo,RB,71,62,69,70,82,85,1,1
1075,Felipe Silva,6,São Paulo,CAM,67,61,75,82,58,69,4,0
1076,Guilherme Silva,6,São Paulo,LW,84,85,69,89,25,68,1,2
1077,Marcos Melo,6,São Paulo,CB,78,46,72,63,78,83,5,1
1078,Guilherme Silva,6,São Paulo,RW,94,87,66,82,36,66,1,1
1079,Matheus Lima,7,Santos,LW,85,85,73,83,43,67,4,0
1080,Thiago Pereira,7,Santos,LB,77,59,69,65,78,78,4,2
1081,Pedro Souza,7,Santos,CB,75,48,73,61,83,80,3,2
1082,Bruno Almeida,7,Santos,LB,85,58,69,73,87,86,2,4
1083,Gustavo Alves,7,Santos,CB,81,51,77,66,84,87,1,4
1084,Guilherme Souza,7,Santos,CAM,81,72,88,83,70,67,4,1
1085,Rodrigo Costa,7,Santos,CM,75,72,85,80,62,69,1,0
1086,Felipe Santos,7,Santos,CM,77,78,74,82,72,76,4,4
1087,Guilherme Costa,7,Santos,RW,85,78,67,78,33,79,1,0
1088,Pedro Ferreira,7,Santos,RW,84,72,77,83,36,66,5,4
1089,Diego Silva,7,Santos,CB,82,58,73,75,86,85,5,3
1090,Diego Costa,8,Atlético-MG,RB,73,44,67,67,80,72,1,1
1091,João Santos,8,Atlético-MG,CB,70,59,69,71,79,81,3,1
1092,Gustavo Ferreira,8,Atlético-MG,CM,72,75,88,84,51,69,4,3
1093,Rodrigo Ferreira,8,Atlético-MG,CB,76,56,72,67,75,75,2,4
1094,Vinícius Silva,8,Atlético-MG,LW,93,86,79,83,44,63,3,4
1095,Marcos Ferreira,8,Atlético-MG,CDM,75,61,84,76,59,68,0,2
1096,Pedro Alves,8,Atlético-MG,CAM,68,67,88,73,59,76,5,3
1097,Marcos Silva,8,Atlético-MG,CAM,72,76,74,86,70,76,5,4
1098,Vinícius Costa,8,Atlético-MG,LW,84,72,76,76,37,80,1,2
1099,Arthur Santos,8,Atlético-MG,ST,83,72,79,77,37,76,4,3
1100,Guilherme Nascimento,8,Atlético-MG,GK,47,17,77,62,21,84,3,3
1101,Bruno Melo,8,Atlético-MG,LW,84,73,74,86,40,69,3,3
1102,Pedro Pereira,9,Red Bull Bragantino,GK,43,19,67,46,24,82,0,0
1103,Rodrigo Ferreira,9,Red Bull Bragantino,ST,91,85,70,88,39,71,4,2
1104,Guilherme Santos,9,Red Bull Bragantino,RW,87,86,75,78,43,60,5,4
1105,Rodrigo Lima,9,Red Bull Bragantino,ST,89,85,65,89,31,74,4,4
1106,João Barbosa,9,Red Bull Bragantino,RB,77,47,77,65,85,88,2,0
1107,Diego Ribeiro,9,Red Bull Bragantino,LW,89,78,68,77,31,73,1,0
1108,Marcos Santos,9,Red Bull Bragantino,LW,88,85,71,88,28,76,0,1
1109,Gustavo Ferreira,9,Red Bull Bragantino,CDM,73,69,76,77,72,80,2,0
1110,Pedro Melo,9,Red Bull Bragantino,RB,82,39,77,71,77,81,2,1
1111,Arthur Nascimento,9,Red Bull Bragantino,RW,85,81,65,82,39,79,5,0
1112,Rodrigo Barbosa,9,Red Bull Bragantino,RW,85,84,74,87,42,78,5,1
1113,Gustavo Ferreira,9,Red Bull Bragantino,CM,70,68,85,78,78,74,3,0
1114,Guilherme Pereira,10,Botafogo,LB,79,37,73,61,78,84,1,2
1115,Lucas Costa,10,Botafogo,CDM,78,73,76,72,54,75,1,0
1116,Guilherme Ribeiro,10,Botafogo,LW,85,74,67,79,25,71,1,1
1117,Marcos Ferreira,10,Botafogo,CDM,76,67,87,82,61,73,3,2
1118,Diego Nascimento,10,Botafogo,LB,73,49,70,73,88,79,3,0
1119,Vinícius Costa,10,Botafogo,GK,55,19,70,58,16,85,4,1
1120,Thiago Barbosa,10,Botafogo,CAM,76,61,88,73,55,72,1,0
1121,Gustavo Oliveira,10,Botafogo,CAM,70,68,84,73,70,65,5,3
1122,Pedro Nascimento,10,Botafogo,CM,77,76,77,75,72,81,3,4
1123,Marcos Nascimento,10,Botafogo,CDM,82,76,81,78,58,69,3,1
1124,Lucas Silva,10,Botafogo,GK,50,16,64,59,19,66,2,4
1125,Vinícius Alves,10,Botafogo,RB,80,38,72,71,74,73,0,0
1126,Thiago Silva,11,Corinthians,CDM,74,60,79,74,73,72,1,4
1127,Matheus Melo,11,Corinthians,LB,81,37,65,61,81,85,4,0
1128,Gabriel Ferreira,11,Corinthians,ST,80,86,80,86,31,64,5,0
1129,Rodrigo Oliveira,11,Corinthians,GK,51,22,62,53,11,83,3,3
1130,Rodrigo Barbosa,11,Corinthians,CDM,77,65,75,84,56,79,2,3
1131,Pedro Pereira,11,Corinthians,LB,81,48,70,60,75,81,4,1
1132,Thiago Ribeiro,11,Corinthians,ST,80,73,78,77,33,64,5,2
1133,Matheus Nascimento,11,Corinthians,CAM,78,71,88,82,55,67,0,1
1134,Gabriel Lima,11,Corinthians,LW,85,85,65,78,31,72,4,3
1135,Vinícius Santos,12,EC Bahia,CB,75,42,77,74,79,79,4,3
1136,Marcos Almeida,12,EC Bahia,LB,73,52,70,71,77,84,5,0
1137,Rodrigo Nascimento,12,EC Bahia,CDM,80,72,79,73,57,82,2,4
1138,Guilherme Almeida,12,EC Bahia,GK,50,18,72,58,18,68,0,0
1139,Lucas Almeida,12,EC Bahia,LW,85,73,68,80,39,69,0,4
1140,Rodrigo Santos,12,EC Bahia,GK,50,20,63,47,13,75,4,1
1141,Thiago Souza,12,EC Bahia,LB,74,61,66,60,76,74,1,3
1142,Arthur Silva,12,EC Bahia,RB,79,65,65,60,82,80,3,2
1143,Guilherme Lima,12,EC Bahia,CM,81,69,85,74,59,66,3,2
1144,Guilherme Lima,12,EC Bahia,ST,93,79,72,87,31,65,5,2
1145,Thiago Costa,12,EC Bahia,LB,68,35,73,71,77,73,2,0
1146,Pedro Costa,13,Vasco da Gama,CB,72,44,67,65,86,80,3,3
1147,Bruno Alves,13,Vasco da Gama,CM,68,63,76,83,65,72,1,3
1148,Guilherme Ribeiro,13,Vasco da Gama,GK,47,17,70,45,20,66,3,4
1149,Marcos Nascimento,13,Vasco da Gama,ST,85,86,67,86,33,71,1,2
1150,Rodrigo Oliveira,13,Vasco da Gama,RB,84,56,75,73,84,79,0,3
1151,Rodrigo Pereira,13,Vasco da Gama,CAM,68,76,81,80,67,74,2,0
1152,Marcos Almeida,13,Vasco da Gama,CB,68,46,74,63,84,78,1,2
1153,Guilherme Lima,13,Vasco da Gama,LB,76,60,68,60,86,83,4,0
1154,Guilherme Lima,13,Vasco da Gama,CB,72,36,73,71,78,82,0,4
1155,Lucas Pereira,13,Vasco da Gama,LW,86,83,69,79,45,66,5,0
1156,Gabriel Santos,13,Vasco da Gama,CAM,76,72,78,83,63,74,4,3
1157,Felipe Ferreira,13,Vasco da Gama,CM,69,77,81,77,73,74,4,0
1158,Gustavo Alves,14,Grêmio,CB,83,55,65,66,77,83,3,2
1159,Thiago Alves,14,Grêmio,LW,93,74,70,83,28,63,4,2
1160,Diego Almeida,14,Grêmio,ST,88,87,79,76,27,62,5,0
1161,Marcos Almeida,14,Grêmio,RB,84,57,70,66,88,82,2,2
1162,Gustavo Almeida,14,Grêmio,LB,78,45,69,66,82,80,1,3
1163,Vinícius Nascimento,14,Grêmio,GK,48,22,71,53,18,71,3,1
1164,Pedro Lima,14,Grêmio,CDM,65,63,85,73,61,77,0,1
1165,Guilherme Alves,14,Grêmio,ST,89,86,69,79,29,70,1,2
1166,Vinícius Nascimento,14,Grêmio,CB,76,55,75,69,74,87,3,2
1167,Arthur Almeida,14,Grêmio,GK,44,17,60,58,19,78,2,1
1168,Felipe Costa,14,Grêmio,CDM,66,77,88,85,76,76,2,2
1169,João Pereira,14,Grêmio,CM,74,69,88,78,69,79,4,4
1170,João Oliveira,15,Internacional,RB,79,37,71,69,84,86,1,4
1171,Gustavo Costa,15,Internacional,LB,68,38,69,72,84,82,5,3
1172,Marcos Santos,15,Internacional,CDM,78,65,84,73,52,70,5,1
1173,Rodrigo Almeida,15,Internacional,CDM,68,61,82,81,56,69,2,1
1174,Thiago Alves,15,Internacional,ST,84,72,69,77,29,79,3,4
1175,Bruno Barbosa,15,Internacional,RB,85,58,73,76,79,83,0,3
1176,Felipe Souza,15,Internacional,ST,89,87,74,83,44,73,0,1
1177,Rodrigo Lima,15,Internacional,RB,85,46,71,60,86,77,4,3
1178,João Pereira,15,Internacional,LW,94,78,70,88,40,65,5,4
1179,Marcos Souza,15,Internacional,ST,80,85,75,90,33,68,5,1
1180,Diego Ferreira,15,Internacional,CM,66,69,76,78,57,72,0,0
1181,Diego Souza,16,Coritiba,CM,66,64,85,75,67,65,1,2
1182,Guilherme Pereira,16,Coritiba,LW,90,76,74,88,45,70,5,1
1183,Felipe Souza,16,Coritiba,LB,85,52,76,66,79,73,4,3
1184,Rodrigo Alves,16,Coritiba,CAM,65,73,80,81,65,75,3,2
1185,Rodrigo Oliveira,16,Coritiba,GK,49,17,64,54,17,66,4,1
1186,João Pereira,16,Coritiba,RW,92,78,65,77,27,61,5,3
1187,Marcos Almeida,16,Coritiba,CM,80,77,87,81,69,74,5,2
1188,Marcos Barbosa,16,Coritiba,RW,83,84,77,77,30,62,5,0
1189,Gabriel Melo,16,Coritiba,CAM,70,64,77,86,59,75,4,2
1190,Marcos Nascimento,16,Coritiba,LW,91,84,65,79,34,74,1,1
1191,Diego Ferreira,16,Coritiba,CM,65,65,78,86,69,69,4,4
1192,Marcos Souza,16,Coritiba,LB,69,52,69,71,86,76,1,3
1193,Marcos Ferreira,17,EC Vitória,RW,84,76,69,87,42,66,0,0
1194,Marcos Lima,17,EC Vitória,CDM,76,75,75,75,71,76,1,0
1195,Diego Nascimento,17,EC Vitória,CB,74,57,72,61,74,72,5,3
1196,Guilherme Oliveira,17,EC Vitória,GK,48,25,80,65,17,65,4,4
1197,Matheus Nascimento,17,EC Vitória,RW,82,77,66,89,41,61,2,2
1198,Pedro Melo,17,EC Vitória,RB,80,59,72,60,78,90,3,2
1199,Thiago Silva,17,EC Vitória,CB,79,53,67,64,77,81,0,3
1200,Felipe Melo,17,EC Vitória,RB,74,62,69,67,77,78,4,2
1201,Matheus Ribeiro,17,EC Vitória,GK,56,27,78,59,13,82,3,2
1202,Rodrigo Ribeiro,17,EC Vitória,ST,81,84,67,77,45,76,2,1
1203,Diego Ferreira,17,EC Vitória,RB,74,38,78,66,83,88,1,1
1204,Matheus Melo,17,EC Vitória,CDM,71,72,79,72,67,66,2,0
1205,Rodrigo Santos,18,Mirassol,CAM,79,75,82,77,77,75,4,2
1206,Arthur Nascimento,18,Mirassol,RW,90,85,74,78,26,70,0,1
1207,Arthur Nascimento,18,Mirassol,CM,80,71,88,80,61,68,1,1
1208,Marcos Barbosa,18,Mirassol,RB,77,44,69,63,79,76,0,0
1209,João Lima,18,Mirassol,ST,80,81,80,82,30,73,0,0
1210,Arthur Almeida,18,Mirassol,GK,41,18,67,55,17,71,4,2
1211,João Oliveira,18,Mirassol,ST,92,86,69,81,28,79,1,3
1212,Matheus Melo,18,Mirassol,RW,91,77,74,85,39,63,1,1
1213,Lucas Costa,18,Mirassol,CM,80,62,85,75,63,66,5,1
1214,Matheus Ribeiro,18,Mirassol,CAM,66,70,85,75,65,71,4,3
1215,Diego Melo,18,Mirassol,ST,83,83,75,89,40,73,5,1
1216,Lucas Santos,18,Mirassol,GK,48,23,64,48,20,68,5,2
1217,Rodrigo Nascimento,19,Remo,RW,80,74,77,83,28,74,4,0
1218,Diego Santos,19,Remo,GK,41,23,76,45,15,84,5,2
1219,Marcos Oliveira,19,Remo,LW,84,81,74,81,30,79,3,3
1220,Felipe Pereira,19,Remo,LB,85,55,68,74,80,86,4,0
1221,Arthur Costa,19,Remo,LB,84,65,69,68,75,74,0,1
1222,Rodrigo Santos,19,Remo,CAM,72,74,83,78,52,73,5,1
1223,Vinícius Silva,19,Remo,LW,84,76,66,78,30,80,1,3
1224,João Ribeiro,19,Remo,ST,92,82,78,88,33,79,1,2
1225,Pedro Santos,19,Remo,GK,48,17,61,53,16,85,1,2
1226,Rodrigo Nascimento,19,Remo,CB,71,41,70,60,83,79,5,3
1227,Felipe Nascimento,19,Remo,CM,72,66,83,78,57,71,4,2
1228,Bruno Santos,19,Remo,CAM,73,72,78,81,50,69,3,1
1229,Gustavo Ribeiro,20,Chapecoense,LW,81,75,75,75,41,68,2,3
1230,Lucas Ferreira,20,Chapecoense,GK,45,21,67,45,23,81,1,1
1231,Lucas Souza,20,Chapecoense,CM,75,74,76,86,60,65,1,4
1232,João Lima,20,Chapecoense,LB,83,57,68,71,77,76,1,1
1233,Gustavo Ferreira,20,Chapecoense,GK,47,26,72,51,17,74,5,1
1234,Felipe Costa,20,Chapecoense,CB,81,35,70,66,76,78,1,0
1235,Felipe Santos,20,Chapecoense,CM,76,63,83,83,78,81,3,1
1236,Marcos Lima,20,Chapecoense,GK,40,19,72,55,25,83,0,1
1237,Lucas Ribeiro,20,Chapecoense,RW,87,82,65,88,35,66,5,2
1238,Bruno Barbosa,20,Chapecoense,LB,81,45,75,75,78,86,0,3
1239,Arthur Ribeiro,20,Chapecoense,ST,81,81,66,75,36,69,0,0
1240,Arthur Ribeiro,20,Chapecoense,ST,89,78,71,80,30,75,4,1
